Title,Year
The Mandalorian,2019
Star Wars: The Clone Wars,2008
Marvel's Agent Carter,2015
Star Wars Rebels,2014
DuckTales,2017
X-Men,1992
One Strange Rock,2018
Spider-Man,1994
High School Musical: The Musical: The Series,2019
Boy Meets World,1993
The Imagineering Story,2019
Phineas and Ferb,2007
DuckTales,1987
Wizards of Waverly Place,2007
Lizzie McGuire,2001
Kim Possible,2002
Recess,1997
Wolverine and the X-Men,2008
That's So Raven,2003
The Avengers: Earth's Mightiest Heroes,2010
The World According to Jeff Goldblum,2019
Gargoyles,1994
Chip 'n' Dale Rescue Rangers,1989
The Suite Life of Zack & Cody,2005
Girl Meets World,2014
Darkwing Duck,1991
Marvel's Ultimate Spider-Man,2012
Disney Gallery / Star Wars: The Mandalorian,2020
TRON: Uprising,2012
The Suite Life on Deck,2008
TaleSpin,1990
Gordon Ramsay: Uncharted,2019
The Muppets,2015
Disney's Adventures of the Gummi Bears,1985
Rapunzel's Tangled Adventure,2017
Mickey Mouse Clubhouse,2006
Hannah Montana,2006
Kickin' It,2011
Violetta,2012
Marvel's Avengers Assemble,2013
I am Luna,2016
Even Stevens,2000
Austin & Ally,2011
Star Wars Resistance,2018
Prop Culture,2020
Andi Mack,2017
Sonny with a Chance,2009
The New Adventures of Winnie the Pooh,1988
Dog Whisperer,2004
Little Einsteins,2005
Raven's Home,2017
Marvel's Inhumans,2017
Marvel's Spider-Man,2017
So Weird,1999
Diary of a Future President,2020
Timon & Pumbaa,1995
Milo Murphy's Law,2016
Shake It Up,2010
Marvel's Guardians of the Galaxy,2015
Lilo & Stitch: The Series,2003
Hercules,1998
Wicked Tuna,2012
Encore!,2019
Big City Greens,2018
Phil of the Future,2004
The Proud Family,2001
Elena of Avalor,2016
Spider-Man Unlimited,1999
Amphibia,2019
Iron Man: Armored Adventures,2009
Dr. K's Exotic Animal ER,2014
Spider-Man and His Amazing Friends,1981
Big Hero 6 The Series,2017
Goof Troop,1992
Sydney to the Max,2019
The Super Hero Squad Show,2009
Puppy Dog Pals,2017
The Incredible Hulk,1996
One Day at Disney,2019
Quack Pack,1996
I Didn't Do It,2014
The Emperor's New School,2006
Coop & Cami Ask The World,2018
Hostile Planet,2019
Stuck in the Middle,2016
Bonkers,1993
Fantastic Four: World's Greatest Heroes,2006
Randy Cunningham: 9th Grade Ninja,2012
Fantastic Four,1994
Silver Surfer,1998
My Friends Tigger & Pooh,2007
Imagination Movers,2008
Out of the Box,1998
Vampirina,2017
The Lion Guard,2016
"Dr. Oakley, Yukon Vet",2014
Marvelâ€™s Hulk and the Agents of S.M.A.S.H,2013
Primal Survivor,2016
Crash & Bernstein,2012
Jake and the Never Land Pirates,2011
Car S.O.S.,2013
Lab Rats: Elite Force,2016
JONAS,2009
Iron Man,1994
Mighty Ducks: The Animated Series,1996
Fish Hooks,2010
Evermoor,2014
Short Circuit,2020
Lego Star Wars: Droid Tales,2015
The Replacements,2006
Pick of the Litter,2019
Muppet Babies,2018
Fancy Nancy,2018
Mickey and the Roadster Racers,2017
It's A Dog's Life,2020
Pixar in Real Life,2019
Secrets of the Zoo,2018
The Lodge,2016
Kingdom of the White Wolf,2019
Legend of the Three Caballeros,2018
Marvel's Hero Project,2019
Be our Chef,2020
Shop Class,2020
Spin and Marty,1955
The Book of Pooh,2001
Great Migrations,2010
Year Million,2017
Origins: The Journey of Humankind,2017
Bizaardvark,2016
The Avengers: United They Stand,1999
Spider-Woman,1979
Dog: Impossible,2019
America's National Parks,2015
Kirby Buckets,2014
LEGO Star Wars: All-Stars,2018
Fast Layne,2019
Teacher's Pet,2000
Unlikely Animal Friends,2012
Secrets of the Zoo: Tampa,2020
Marvel Super Hero Adventures,2017
Disney Family Sundays,2019
Birth of Europe,2012
Buried Secrets of the Bible with Albert Lin,2019
Billy Dilley's Super-Duper Subterranean Summer,2017
Rocky Mountain Animal Rescue,2018
Prairie Dog Manor,2019
Disney Junior Music Nursery Rhymes,2017
Bug Juice: My Adventures at Camp,2018
Disney Insider,2012
Lost Treasures of the Maya,2019
Awesome Animals,2013
Tut's Treasures: Hidden Secrets,2018
Paradise Islands,2017
Wild Russia,2018
Love & Vets,2017
United States of Animals,2016
